Match_Id,Team_1,Team_2,Match_Date,Season_Id,Venue_Id,Toss_Winner,Toss_Decide,Win_Type,Win_Margin,Outcome_type,Match_Winner,Man_of_the_Match
335987,2,1,2008-04-18 00:00:00,1,1,2,1,1,140.0,1,1.0,2.0
335988,4,3,2008-04-19 00:00:00,1,2,3,2,1,33.0,1,3.0,19.0
335989,6,5,2008-04-19 00:00:00,1,3,5,2,2,9.0,1,6.0,90.0
335990,7,2,2008-04-20 00:00:00,1,4,7,2,2,5.0,1,2.0,11.0
335991,1,8,2008-04-20 00:00:00,1,5,8,2,2,5.0,1,1.0,4.0
335992,5,4,2008-04-21 00:00:00,1,6,4,2,2,6.0,1,5.0,32.0
335993,8,6,2008-04-22 00:00:00,1,7,8,2,2,9.0,1,6.0,41.0
335994,3,7,2008-04-23 00:00:00,1,8,7,1,1,6.0,1,3.0,18.0
335995,8,5,2008-04-24 00:00:00,1,7,5,1,2,3.0,1,5.0,31.0
335996,4,7,2008-04-25 00:00:00,1,2,7,1,1,66.0,1,4.0,26.0
335997,2,5,2008-04-26 00:00:00,1,1,5,1,2,7.0,1,5.0,32.0
335998,3,1,2008-04-26 00:00:00,1,8,1,2,2,9.0,1,3.0,22.0
335999,7,8,2008-04-27 00:00:00,1,9,8,1,2,10.0,1,8.0,53.0
336000,4,6,2008-04-27 00:00:00,1,2,6,2,2,4.0,1,4.0,28.0
336001,2,3,2008-04-28 00:00:00,1,1,3,2,1,13.0,1,3.0,20.0
336002,1,7,2008-04-29 00:00:00,1,5,1,2,2,7.0,1,7.0,44.0
336003,6,2,2008-04-30 00:00:00,1,3,2,1,1,10.0,1,6.0,118.0
336004,8,4,2008-05-01 00:00:00,1,7,4,1,2,7.0,1,4.0,100.0
336005,5,1,2008-05-01 00:00:00,1,6,5,2,1,45.0,1,5.0,101.0
336006,3,6,2008-05-02 00:00:00,1,8,3,2,2,8.0,1,6.0,41.0
336007,8,2,2008-05-25 00:00:00,1,7,8,2,2,5.0,1,2.0,81.0
336008,4,1,2008-05-03 00:00:00,1,2,4,2,1,9.0,1,4.0,29.0
336009,7,6,2008-05-04 00:00:00,1,9,6,1,1,29.0,1,7.0,49.0
336010,5,3,2008-05-04 00:00:00,1,6,3,2,2,8.0,1,5.0,102.0
336011,2,4,2008-05-05 00:00:00,1,1,4,1,2,6.0,1,4.0,77.0
336012,3,8,2008-05-06 00:00:00,1,8,8,1,2,7.0,1,8.0,53.0
336013,7,5,2008-05-07 00:00:00,1,9,7,1,2,7.0,1,7.0,73.0
336014,6,3,2008-05-08 00:00:00,1,3,3,1,2,4.0,1,3.0,20.0
336015,1,2,2008-05-08 00:00:00,1,5,1,2,1,5.0,1,1.0,1.0
336016,5,8,2008-05-09 00:00:00,1,6,5,1,2,8.0,1,5.0,31.0
336017,2,7,2008-05-28 00:00:00,1,1,7,1,2,9.0,1,7.0,149.0
336018,3,4,2008-05-10 00:00:00,1,8,4,1,1,18.0,1,3.0,151.0
336019,8,1,2008-05-11 00:00:00,1,7,1,2,1,23.0,1,1.0,1.0
336020,5,6,2008-05-11 00:00:00,1,6,5,1,2,3.0,1,5.0,32.0
336021,4,2,2008-05-12 00:00:00,1,2,2,2,2,9.0,1,4.0,100.0
336022,1,6,2008-05-13 00:00:00,1,5,1,2,1,23.0,1,1.0,144.0
336023,7,3,2008-05-14 00:00:00,1,4,7,1,2,9.0,1,7.0,44.0
336024,4,5,2008-05-28 00:00:00,1,2,5,1,1,41.0,1,4.0,100.0
336025,6,8,2008-05-15 00:00:00,1,3,8,1,1,12.0,1,6.0,136.0
336026,7,1,2008-05-16 00:00:00,1,4,7,1,2,8.0,1,7.0,49.0
336027,6,4,2008-05-17 00:00:00,1,3,6,2,1,6.0,1,4.0,64.0
336028,5,2,2008-05-17 00:00:00,1,6,2,1,1,65.0,1,5.0,74.0
336029,8,7,2008-05-18 00:00:00,1,7,8,1,1,25.0,1,7.0,71.0
336030,1,3,2008-05-18 00:00:00,1,5,1,2,1,3.0,1,3.0,122.0
336031,2,6,2008-05-19 00:00:00,1,1,6,1,2,5.0,1,6.0,132.0
336032,1,5,2008-05-20 00:00:00,1,5,5,1,2,6.0,1,5.0,31.0
336033,7,4,2008-05-21 00:00:00,1,4,7,1,1,1.0,1,4.0,100.0
336034,3,2,2008-05-21 00:00:00,1,8,2,2,1,14.0,1,2.0,124.0
336036,4,8,2008-05-23 00:00:00,1,2,4,1,2,6.0,1,4.0,100.0
336037,6,7,2008-05-24 00:00:00,1,3,6,1,2,5.0,1,6.0,88.0
336038,3,5,2008-05-24 00:00:00,1,8,5,2,1,10.0,1,5.0,109.0
336039,2,8,2008-05-03 00:00:00,1,1,8,1,1,3.0,1,2.0,14.0
336040,1,4,2008-05-25 00:00:00,1,5,4,2,2,3.0,1,1.0,105.0
336041,5,7,2008-05-26 00:00:00,1,6,5,1,2,5.0,1,5.0,102.0
336042,8,3,2008-05-27 00:00:00,1,7,8,2,2,7.0,1,3.0,21.0
336043,6,5,2008-05-30 00:00:00,1,4,6,1,1,105.0,1,5.0,32.0
336044,3,4,2008-05-31 00:00:00,1,4,4,2,2,9.0,1,3.0,122.0
336045,3,5,2008-06-01 00:00:00,1,9,5,1,2,3.0,1,5.0,31.0
392186,3,7,2009-04-18 00:00:00,2,10,3,1,1,19.0,1,7.0,133.0
392187,2,5,2009-04-18 00:00:00,2,10,2,2,1,75.0,1,2.0,6.0
392188,6,4,2009-04-19 00:00:00,2,10,6,1,2,10.0,1,6.0,175.0
392189,8,1,2009-04-19 00:00:00,2,10,1,2,2,8.0,1,8.0,61.0
392190,2,3,2009-04-20 00:00:00,2,11,3,2,1,92.0,1,3.0,121.0
392191,4,1,2009-04-21 00:00:00,2,12,1,1,1,11.0,1,1.0,162.0
392193,2,8,2009-04-22 00:00:00,2,10,8,2,1,24.0,1,8.0,53.0
392194,3,6,2009-04-23 00:00:00,2,12,6,2,1,9.0,1,6.0,110.0
392195,1,5,2009-04-23 00:00:00,2,10,1,1,4,,3,5.0,31.0
392196,2,4,2009-04-24 00:00:00,2,12,2,2,2,7.0,1,4.0,161.0
392197,8,7,2009-04-25 00:00:00,2,12,8,2,1,12.0,1,8.0,131.0
392199,2,6,2009-04-26 00:00:00,2,11,2,2,2,6.0,1,6.0,135.0
392200,4,5,2009-04-26 00:00:00,2,10,4,2,1,27.0,1,4.0,26.0
392201,3,8,2009-04-27 00:00:00,2,12,8,1,2,6.0,1,8.0,97.0
392202,1,7,2009-04-27 00:00:00,2,11,7,2,1,92.0,1,7.0,133.0
392203,6,5,2009-04-28 00:00:00,2,13,6,2,2,5.0,1,5.0,31.0
392204,2,1,2009-04-29 00:00:00,2,12,1,2,2,5.0,1,2.0,11.0
392205,4,7,2009-04-29 00:00:00,2,12,4,2,1,3.0,1,4.0,26.0
392206,8,6,2009-04-30 00:00:00,2,13,6,1,2,6.0,1,6.0,223.0
392207,3,5,2009-04-30 00:00:00,2,13,5,1,1,38.0,1,3.0,21.0
392208,1,7,2009-05-01 00:00:00,2,14,7,2,1,9.0,1,7.0,154.0
392209,2,4,2009-05-01 00:00:00,2,12,2,2,1,8.0,1,2.0,27.0
392210,8,5,2009-05-02 00:00:00,2,11,8,2,2,3.0,1,5.0,31.0
392211,3,6,2009-05-02 00:00:00,2,15,6,1,1,18.0,1,3.0,186.0
392212,4,1,2009-05-03 00:00:00,2,11,1,2,2,6.0,1,4.0,64.0
392213,2,7,2009-05-03 00:00:00,2,15,7,2,2,9.0,1,2.0,9.0
392214,3,8,2009-05-04 00:00:00,2,14,3,2,1,78.0,1,3.0,20.0
392215,4,5,2009-05-05 00:00:00,2,12,4,1,1,78.0,1,5.0,74.0
392216,6,1,2009-05-05 00:00:00,2,12,1,2,2,9.0,1,6.0,40.0
392217,8,7,2009-05-06 00:00:00,2,13,8,2,1,19.0,1,8.0,57.0
392218,2,5,2009-05-07 00:00:00,2,13,5,1,2,7.0,1,5.0,196.0
392219,3,4,2009-05-07 00:00:00,2,13,3,2,1,12.0,1,3.0,18.0
392220,6,7,2009-05-08 00:00:00,2,14,7,2,2,7.0,1,6.0,73.0
392221,8,4,2009-05-09 00:00:00,2,16,4,1,2,3.0,1,4.0,64.0
392222,3,5,2009-05-09 00:00:00,2,16,5,2,2,7.0,1,3.0,23.0
392223,2,7,2009-05-10 00:00:00,2,11,7,2,1,16.0,1,7.0,154.0
392224,6,1,2009-05-10 00:00:00,2,15,6,1,2,7.0,1,6.0,136.0
392225,8,5,2009-05-11 00:00:00,2,16,8,2,1,53.0,1,8.0,147.0
392226,2,1,2009-05-12 00:00:00,2,13,2,1,2,6.0,1,2.0,52.0
392227,4,7,2009-05-12 00:00:00,2,13,4,2,2,8.0,1,7.0,50.0
392228,8,6,2009-05-13 00:00:00,2,12,8,1,1,12.0,1,6.0,89.0
392229,2,3,2009-05-14 00:00:00,2,12,3,2,2,2.0,1,2.0,52.0
392230,7,5,2009-05-14 00:00:00,2,12,5,2,1,2.0,1,5.0,38.0
392231,6,4,2009-05-15 00:00:00,2,17,4,1,2,6.0,1,4.0,66.0
392232,3,7,2009-05-16 00:00:00,2,11,7,2,2,7.0,1,3.0,18.0
392233,8,1,2009-05-16 00:00:00,2,15,8,1,2,6.0,1,8.0,57.0
392234,8,4,2009-05-17 00:00:00,2,15,8,1,1,1.0,1,4.0,27.0
392235,6,5,2009-05-17 00:00:00,2,17,6,2,1,14.0,1,6.0,110.0
392236,3,1,2009-05-18 00:00:00,2,13,3,2,2,7.0,1,1.0,104.0
392237,2,6,2009-05-19 00:00:00,2,15,6,2,2,7.0,1,2.0,9.0
392238,1,5,2009-05-20 00:00:00,2,12,1,1,2,4.0,1,1.0,63.0
392239,3,4,2009-05-20 00:00:00,2,12,3,2,1,24.0,1,3.0,121.0
392240,6,7,2009-05-21 00:00:00,2,13,6,1,2,4.0,1,6.0,41.0
392241,2,8,2009-05-21 00:00:00,2,13,2,2,1,12.0,1,2.0,96.0
392242,6,8,2009-05-22 00:00:00,2,13,8,1,2,6.0,1,8.0,53.0
392243,2,3,2009-05-23 00:00:00,2,15,2,1,2,6.0,1,2.0,96.0
392244,2,8,2009-05-24 00:00:00,2,15,2,1,1,6.0,1,8.0,124.0
419111,8,1,2010-03-12 00:00:00,3,9,8,1,1,11.0,1,1.0,191.0
419112,7,5,2010-03-13 00:00:00,3,18,7,2,1,4.0,1,7.0,31.0
419113,4,6,2010-03-13 00:00:00,3,2,6,1,2,5.0,1,6.0,40.0
419114,1,2,2010-03-14 00:00:00,3,5,1,1,2,7.0,1,1.0,87.0
419115,3,8,2010-03-14 00:00:00,3,8,8,2,1,31.0,1,8.0,60.0
419116,5,6,2010-03-15 00:00:00,3,19,6,1,2,6.0,1,6.0,41.0
419117,2,4,2010-03-16 00:00:00,3,1,4,2,2,8.0,1,2.0,9.0
419118,1,3,2010-03-16 00:00:00,3,5,3,2,1,55.0,1,3.0,20.0
419119,6,7,2010-03-17 00:00:00,3,3,6,1,1,98.0,1,7.0,133.0
419120,2,5,2010-03-18 00:00:00,3,1,2,1,2,10.0,1,2.0,9.0
419121,6,3,2010-03-19 00:00:00,3,3,6,2,2,5.0,1,3.0,18.0
419122,8,4,2010-03-19 00:00:00,3,20,4,1,1,6.0,1,8.0,56.0
419123,5,1,2010-03-20 00:00:00,3,19,5,2,1,34.0,1,5.0,211.0
419124,7,2,2010-03-20 00:00:00,3,18,7,2,2,7.0,1,2.0,9.0
419125,8,6,2010-03-21 00:00:00,3,20,8,2,1,10.0,1,8.0,56.0
419126,3,4,2010-03-21 00:00:00,3,8,3,1,4,,3,4.0,233.0
419127,7,1,2010-03-22 00:00:00,3,18,1,2,2,7.0,1,7.0,133.0
419128,2,3,2010-03-23 00:00:00,3,1,3,1,1,36.0,1,2.0,46.0
419129,4,5,2010-03-24 00:00:00,3,2,4,1,1,31.0,1,5.0,230.0
419130,7,3,2010-03-25 00:00:00,3,18,7,1,2,5.0,1,7.0,133.0
419131,5,8,2010-03-26 00:00:00,3,19,8,2,2,8.0,1,5.0,31.0
419132,4,1,2010-03-27 00:00:00,3,2,1,2,1,39.0,1,1.0,87.0
419133,2,6,2010-03-25 00:00:00,3,1,2,1,1,17.0,1,6.0,237.0
419134,5,3,2010-03-28 00:00:00,3,19,5,2,1,17.0,1,5.0,183.0
419135,8,7,2010-03-28 00:00:00,3,9,8,1,1,41.0,1,7.0,50.0
419136,6,1,2010-03-29 00:00:00,3,3,6,2,1,40.0,1,6.0,187.0
419137,7,4,2010-03-30 00:00:00,3,18,7,1,2,4.0,1,7.0,194.0
419138,3,2,2010-03-31 00:00:00,3,8,2,2,2,5.0,1,3.0,185.0
419139,6,5,2010-03-31 00:00:00,3,3,6,2,1,67.0,1,6.0,88.0
419140,1,8,2010-04-01 00:00:00,3,5,1,2,1,24.0,1,1.0,1.0
419141,4,2,2010-04-02 00:00:00,3,2,4,2,2,6.0,1,2.0,158.0
419142,3,5,2010-04-03 00:00:00,3,8,3,2,1,23.0,1,3.0,185.0
419143,7,8,2010-04-03 00:00:00,3,18,7,2,1,63.0,1,7.0,208.0
419144,1,4,2010-04-04 00:00:00,3,5,1,2,2,8.0,1,4.0,64.0
419145,6,2,2010-04-04 00:00:00,3,3,6,2,1,37.0,1,6.0,241.0
419146,8,5,2010-04-05 00:00:00,3,21,5,2,1,2.0,1,5.0,38.0
419147,3,7,2010-04-06 00:00:00,3,8,3,2,1,24.0,1,3.0,21.0
419148,5,4,2010-04-07 00:00:00,3,6,4,2,2,9.0,1,5.0,224.0
419149,1,6,2010-04-07 00:00:00,3,5,1,2,1,14.0,1,1.0,1.0
419150,2,8,2010-04-08 00:00:00,3,1,8,1,2,7.0,1,8.0,178.0
419151,4,7,2010-04-09 00:00:00,3,2,7,2,2,6.0,1,4.0,26.0
419152,8,3,2010-04-10 00:00:00,3,21,3,2,2,6.0,1,8.0,188.0
419153,2,1,2010-04-10 00:00:00,3,1,2,1,2,7.0,1,2.0,81.0
419154,6,4,2010-04-11 00:00:00,3,3,6,2,2,7.0,1,4.0,67.0
419155,5,7,2010-04-11 00:00:00,3,6,5,1,1,37.0,1,7.0,133.0
419156,8,2,2010-04-12 00:00:00,3,21,2,1,1,13.0,1,8.0,256.0
419157,7,6,2010-04-13 00:00:00,3,18,7,2,1,39.0,1,7.0,221.0
419158,3,1,2010-04-13 00:00:00,3,8,1,2,2,9.0,1,3.0,201.0
419159,5,2,2010-04-14 00:00:00,3,6,5,2,2,5.0,1,2.0,158.0
419160,3,6,2010-04-15 00:00:00,3,8,3,2,2,6.0,1,6.0,40.0
419161,4,8,2010-04-16 00:00:00,3,22,8,1,2,5.0,1,8.0,57.0
419162,2,7,2010-04-17 00:00:00,3,1,2,1,1,57.0,1,7.0,210.0
419163,1,5,2010-04-17 00:00:00,3,5,5,2,2,8.0,1,1.0,346.0
419164,4,3,2010-04-18 00:00:00,3,22,3,1,2,6.0,1,3.0,20.0
419165,6,8,2010-04-18 00:00:00,3,3,8,2,1,11.0,1,8.0,56.0
419166,1,7,2010-04-19 00:00:00,3,5,7,2,2,9.0,1,1.0,83.0
419167,2,7,2010-04-21 00:00:00,3,9,7,2,1,35.0,1,7.0,221.0
419168,3,8,2010-04-22 00:00:00,3,9,3,2,1,38.0,1,3.0,248.0
419169,2,8,2010-04-24 00:00:00,3,9,8,2,2,9.0,1,2.0,124.0
419170,3,7,2010-04-25 00:00:00,3,9,3,2,1,22.0,1,3.0,21.0
501203,3,1,2011-04-08 00:00:00,4,8,3,2,1,2.0,1,3.0,125.0
501204,8,5,2011-04-09 00:00:00,4,7,5,1,2,8.0,1,5.0,39.0
501205,9,2,2011-04-09 00:00:00,4,23,9,2,2,6.0,1,2.0,110.0
501206,6,7,2011-04-10 00:00:00,4,3,6,2,2,8.0,1,7.0,194.0
501207,10,4,2011-04-10 00:00:00,4,9,4,2,2,7.0,1,10.0,273.0
501208,1,8,2011-04-11 00:00:00,4,5,1,2,1,9.0,1,1.0,9.0
501209,5,6,2011-04-12 00:00:00,4,6,6,2,2,6.0,1,5.0,38.0
501210,2,7,2011-04-12 00:00:00,4,1,7,1,2,9.0,1,7.0,133.0
501211,4,3,2011-04-13 00:00:00,4,2,4,1,2,6.0,1,4.0,167.0
501212,10,9,2011-04-13 00:00:00,4,9,9,2,2,4.0,1,10.0,231.0
501213,8,2,2011-04-14 00:00:00,4,7,2,1,1,33.0,1,8.0,94.0
501214,5,1,2011-04-15 00:00:00,4,6,1,1,2,9.0,1,1.0,40.0
501215,7,9,2011-04-15 00:00:00,4,4,9,1,2,8.0,1,9.0,2.0
501216,3,2,2011-04-16 00:00:00,4,8,3,2,1,21.0,1,3.0,19.0
501217,8,4,2011-04-16 00:00:00,4,7,4,1,2,8.0,1,4.0,167.0
501218,10,6,2011-04-17 00:00:00,4,9,6,1,2,3.0,1,6.0,27.0
501219,1,5,2011-04-17 00:00:00,4,5,1,1,2,8.0,1,1.0,151.0
501220,9,3,2011-04-18 00:00:00,4,23,9,1,2,7.0,1,9.0,2.0
501221,6,8,2011-04-19 00:00:00,4,3,8,2,1,16.0,1,8.0,65.0
501223,7,10,2011-04-20 00:00:00,4,4,10,2,2,7.0,1,7.0,126.0
501224,1,9,2011-04-20 00:00:00,4,5,1,1,1,6.0,1,9.0,64.0
501225,4,5,2011-04-21 00:00:00,4,2,5,1,1,48.0,1,4.0,100.0
501226,7,3,2011-04-22 00:00:00,4,4,3,1,1,8.0,1,7.0,50.0
501227,1,2,2011-04-22 00:00:00,4,5,2,1,2,9.0,1,2.0,162.0
501228,6,4,2011-04-23 00:00:00,4,3,4,1,1,29.0,1,6.0,187.0
501229,8,7,2011-04-24 00:00:00,4,7,8,1,1,37.0,1,7.0,194.0
501230,5,9,2011-04-24 00:00:00,4,6,5,1,2,8.0,1,5.0,38.0
501231,3,10,2011-04-25 00:00:00,4,8,10,1,1,25.0,1,3.0,19.0
501232,6,2,2011-04-26 00:00:00,4,3,2,1,2,3.0,1,2.0,8.0
501233,10,3,2011-04-27 00:00:00,4,9,10,2,2,8.0,1,3.0,248.0
501234,9,8,2011-04-27 00:00:00,4,23,9,1,1,55.0,1,8.0,84.0
501235,6,1,2011-04-28 00:00:00,4,3,6,1,1,17.0,1,1.0,87.0
501236,5,7,2011-04-29 00:00:00,4,6,5,1,2,7.0,1,5.0,192.0
501237,2,10,2011-04-29 00:00:00,4,1,10,1,1,26.0,1,2.0,8.0
501238,9,6,2011-04-30 00:00:00,4,23,6,2,1,38.0,1,6.0,41.0
501239,1,4,2011-04-30 00:00:00,4,5,1,1,2,8.0,1,1.0,140.0
501240,5,10,2011-05-01 00:00:00,4,6,5,1,2,6.0,1,5.0,52.0
501241,3,8,2011-05-01 00:00:00,4,8,3,2,1,19.0,1,3.0,109.0
501242,7,4,2011-05-02 00:00:00,4,4,4,1,1,23.0,1,7.0,221.0
501243,6,9,2011-05-02 00:00:00,4,3,9,1,2,7.0,1,9.0,294.0
501244,8,1,2011-05-03 00:00:00,4,7,8,1,1,20.0,1,1.0,31.0
501245,3,5,2011-05-04 00:00:00,4,8,5,2,2,8.0,1,3.0,19.0
501246,10,7,2011-05-04 00:00:00,4,9,10,1,1,21.0,1,7.0,235.0
501247,9,1,2011-05-05 00:00:00,4,23,1,1,1,17.0,1,9.0,104.0
501248,8,6,2011-05-05 00:00:00,4,7,6,1,2,4.0,1,6.0,41.0
501249,2,4,2011-05-06 00:00:00,4,1,4,1,1,85.0,1,2.0,162.0
501250,1,3,2011-05-07 00:00:00,4,5,3,2,1,10.0,1,1.0,140.0
501251,7,6,2011-05-07 00:00:00,4,4,6,1,1,32.0,1,7.0,208.0
501252,2,9,2011-05-08 00:00:00,4,1,9,2,2,9.0,1,2.0,162.0
501253,4,10,2011-05-08 00:00:00,4,2,4,2,2,5.0,1,10.0,235.0
501254,5,3,2011-05-09 00:00:00,4,6,5,1,1,63.0,1,3.0,185.0
501255,8,10,2011-05-10 00:00:00,4,7,8,2,2,6.0,1,10.0,253.0
501256,4,7,2011-05-10 00:00:00,4,2,7,1,1,76.0,1,4.0,302.0
501257,5,2,2011-05-11 00:00:00,4,6,2,1,2,9.0,1,2.0,270.0
501258,3,6,2011-05-12 00:00:00,4,8,3,2,1,18.0,1,3.0,20.0
501259,9,4,2011-05-13 00:00:00,4,24,4,1,2,6.0,1,4.0,88.0
501260,2,1,2011-05-14 00:00:00,4,1,2,1,2,4.0,1,2.0,162.0
501261,7,8,2011-05-14 00:00:00,4,4,8,2,1,10.0,1,8.0,136.0
501262,4,6,2011-05-15 00:00:00,4,22,6,1,1,29.0,1,4.0,67.0
501263,9,5,2011-05-15 00:00:00,4,24,9,1,2,8.0,1,9.0,104.0
501264,10,8,2011-05-16 00:00:00,4,9,8,1,2,6.0,1,8.0,136.0
501265,4,2,2011-05-17 00:00:00,4,22,4,2,1,111.0,1,4.0,53.0
501266,3,9,2011-05-18 00:00:00,4,8,3,2,1,11.0,1,3.0,62.0
501267,10,1,2011-05-19 00:00:00,4,9,1,1,2,7.0,1,1.0,31.0
501268,7,5,2011-05-20 00:00:00,4,4,7,2,2,10.0,1,5.0,32.0
501269,4,8,2011-05-21 00:00:00,4,22,4,1,1,82.0,1,8.0,42.0
501270,6,10,2011-05-21 00:00:00,4,3,6,2,3,,2,,
501271,2,3,2011-05-22 00:00:00,4,1,2,1,2,8.0,1,2.0,162.0
501272,1,7,2011-05-22 00:00:00,4,5,7,1,2,5.0,1,7.0,275.0
501273,2,3,2011-05-24 00:00:00,4,4,3,1,2,6.0,1,3.0,21.0
501274,7,1,2011-05-25 00:00:00,4,4,7,1,2,4.0,1,7.0,126.0
501275,2,7,2011-05-27 00:00:00,4,8,7,1,1,43.0,1,2.0,162.0
501276,3,2,2011-05-28 00:00:00,4,8,3,2,1,58.0,1,3.0,185.0
548311,3,7,2012-04-04 00:00:00,5,8,7,1,2,8.0,1,7.0,304.0
548312,1,6,2012-04-05 00:00:00,5,5,6,1,2,8.0,1,6.0,29.0
548313,7,10,2012-04-06 00:00:00,5,4,7,1,1,28.0,1,10.0,306.0
548314,5,4,2012-04-06 00:00:00,5,6,4,1,1,31.0,1,5.0,85.0
548315,2,6,2012-04-07 00:00:00,5,1,6,1,1,20.0,1,2.0,110.0
548316,8,3,2012-04-07 00:00:00,5,25,8,1,1,74.0,1,3.0,35.0
548317,5,1,2012-04-08 00:00:00,5,6,1,1,1,22.0,1,5.0,104.0
548318,10,4,2012-04-08 00:00:00,5,26,10,2,1,22.0,1,10.0,307.0
548319,8,7,2012-04-09 00:00:00,5,25,8,2,2,5.0,1,7.0,57.0
548320,2,1,2012-04-10 00:00:00,5,1,2,1,1,42.0,1,1.0,151.0
548321,6,3,2012-04-10 00:00:00,5,3,6,1,2,8.0,1,6.0,190.0
548322,7,5,2012-04-11 00:00:00,5,4,5,1,1,27.0,1,7.0,221.0
548323,3,2,2012-04-12 00:00:00,5,8,2,2,2,5.0,1,3.0,303.0
548324,4,10,2012-04-12 00:00:00,5,2,4,1,2,7.0,1,4.0,137.0
548325,1,5,2012-04-13 00:00:00,5,5,5,2,2,5.0,1,1.0,276.0
548326,6,8,2012-04-19 00:00:00,5,3,8,2,2,5.0,1,6.0,158.0
548327,10,3,2012-04-14 00:00:00,5,26,3,2,2,7.0,1,10.0,157.0
548328,1,4,2012-04-15 00:00:00,5,5,1,1,1,2.0,1,4.0,315.0
548329,2,5,2012-04-15 00:00:00,5,1,5,2,1,59.0,1,5.0,85.0
548330,7,6,2012-04-16 00:00:00,5,4,6,1,2,7.0,1,6.0,293.0
548331,5,8,2012-04-17 00:00:00,5,6,8,2,2,5.0,1,5.0,104.0
548332,2,10,2012-04-17 00:00:00,5,1,10,2,2,6.0,1,2.0,162.0
548333,4,1,2012-04-18 00:00:00,5,2,4,2,2,8.0,1,1.0,40.0
548334,8,6,2012-05-10 00:00:00,5,7,8,2,2,9.0,1,6.0,187.0
548335,3,10,2012-04-19 00:00:00,5,8,10,1,1,13.0,1,3.0,324.0
548336,4,2,2012-04-20 00:00:00,5,2,2,1,2,5.0,1,2.0,162.0
548337,3,5,2012-04-21 00:00:00,5,8,5,2,2,7.0,1,3.0,303.0
548338,6,10,2012-04-21 00:00:00,5,3,6,1,1,20.0,1,10.0,1.0
548339,7,4,2012-04-22 00:00:00,5,4,7,2,2,6.0,1,4.0,100.0
548340,8,1,2012-04-22 00:00:00,5,20,1,1,2,5.0,1,1.0,66.0
548341,5,2,2012-04-23 00:00:00,5,6,5,1,1,46.0,1,2.0,110.0
548342,10,6,2012-04-24 00:00:00,5,26,10,2,2,8.0,1,6.0,41.0
548344,4,7,2012-04-25 00:00:00,5,2,4,2,2,4.0,1,7.0,208.0
548346,10,8,2012-04-26 00:00:00,5,26,8,2,1,18.0,1,8.0,10.0
548347,6,7,2012-04-27 00:00:00,5,3,7,1,1,37.0,1,6.0,41.0
548348,3,4,2012-04-28 00:00:00,5,8,4,2,1,7.0,1,4.0,236.0
548349,1,2,2012-04-28 00:00:00,5,5,1,2,1,47.0,1,1.0,40.0
548350,6,5,2012-04-29 00:00:00,5,3,6,2,1,1.0,1,6.0,41.0
548351,7,8,2012-04-29 00:00:00,5,4,7,1,2,5.0,1,7.0,94.0
548352,3,1,2012-04-30 00:00:00,5,8,3,2,2,5.0,1,1.0,40.0
548353,8,10,2012-05-01 00:00:00,5,20,8,2,1,13.0,1,8.0,26.0
548354,5,6,2012-05-01 00:00:00,5,6,5,2,2,6.0,1,6.0,322.0
548355,2,4,2012-05-02 00:00:00,5,1,4,1,2,4.0,1,4.0,321.0
548356,10,7,2012-05-03 00:00:00,5,26,7,2,1,1.0,1,7.0,194.0
548357,3,8,2012-05-04 00:00:00,5,8,3,2,1,10.0,1,3.0,21.0
548358,1,10,2012-05-05 00:00:00,5,5,1,2,1,7.0,1,1.0,315.0
548359,4,5,2012-05-05 00:00:00,5,2,5,2,1,43.0,1,5.0,32.0
548360,7,3,2012-05-06 00:00:00,5,4,7,1,2,2.0,1,7.0,147.0
548361,2,8,2012-05-06 00:00:00,5,1,2,1,2,5.0,1,2.0,110.0
548362,6,1,2012-05-07 00:00:00,5,3,6,2,2,6.0,1,1.0,9.0
548363,10,5,2012-05-08 00:00:00,5,26,10,2,2,7.0,1,5.0,32.0
548364,8,4,2012-05-08 00:00:00,5,7,8,1,1,25.0,1,4.0,236.0
548365,7,2,2012-05-09 00:00:00,5,4,2,1,2,9.0,1,2.0,162.0
548366,5,3,2012-05-10 00:00:00,5,6,3,1,2,4.0,1,3.0,451.0
548367,10,2,2012-05-11 00:00:00,5,26,10,1,1,35.0,1,2.0,162.0
548368,1,7,2012-05-12 00:00:00,5,5,7,2,1,27.0,1,7.0,57.0
548369,3,6,2012-05-12 00:00:00,5,8,3,1,2,9.0,1,3.0,451.0
548370,5,10,2012-05-13 00:00:00,5,6,5,2,1,45.0,1,5.0,335.0
548371,4,8,2012-05-13 00:00:00,5,2,8,2,2,4.0,1,4.0,4.0
548372,2,7,2012-05-14 00:00:00,5,1,7,1,2,5.0,1,7.0,208.0
548373,1,3,2012-05-14 00:00:00,5,5,3,1,2,5.0,1,3.0,19.0
548374,6,4,2012-05-15 00:00:00,5,3,4,2,2,5.0,1,6.0,232.0
548375,7,1,2012-05-16 00:00:00,5,4,7,1,1,32.0,1,1.0,315.0
548376,4,3,2012-05-17 00:00:00,5,22,4,1,2,6.0,1,4.0,53.0
548377,6,2,2012-05-17 00:00:00,5,3,6,1,1,21.0,1,2.0,162.0
548378,8,5,2012-05-18 00:00:00,5,7,5,2,2,5.0,1,8.0,94.0
548379,4,6,2012-05-19 00:00:00,5,22,6,1,2,6.0,1,6.0,232.0
548380,10,1,2012-05-19 00:00:00,5,26,1,2,1,34.0,1,1.0,276.0
548381,8,2,2012-05-20 00:00:00,5,7,2,1,1,9.0,1,8.0,94.0
548382,5,7,2012-05-20 00:00:00,5,6,5,2,2,10.0,1,7.0,147.0
548383,6,1,2012-05-22 00:00:00,5,26,1,2,1,18.0,1,1.0,31.0
548384,3,7,2012-05-23 00:00:00,5,1,7,1,1,38.0,1,3.0,20.0
548385,6,3,2012-05-25 00:00:00,5,8,6,1,1,86.0,1,3.0,185.0
548386,1,3,2012-05-27 00:00:00,5,8,3,2,2,5.0,1,1.0,214.0
598003,1,6,2013-04-03 00:00:00,6,5,1,1,2,6.0,1,1.0,315.0
598004,2,7,2013-04-04 00:00:00,6,1,7,1,1,2.0,1,2.0,162.0
598005,11,10,2013-04-05 00:00:00,6,7,10,1,1,22.0,1,11.0,136.0
598006,6,5,2013-04-06 00:00:00,6,3,5,2,1,5.0,1,5.0,6.0
598007,3,7,2013-04-06 00:00:00,6,8,7,2,1,9.0,1,7.0,221.0
598008,10,4,2013-04-07 00:00:00,6,26,10,2,2,8.0,1,4.0,345.0
598009,11,2,2013-04-07 00:00:00,6,7,2,2,4,,3,11.0,340.0
598010,5,1,2013-04-08 00:00:00,6,6,1,1,1,19.0,1,5.0,39.0
598011,7,6,2013-04-09 00:00:00,6,4,7,2,1,44.0,1,7.0,88.0
598012,4,3,2013-04-10 00:00:00,6,2,3,1,2,10.0,1,3.0,19.0
598013,2,1,2013-04-11 00:00:00,6,1,2,1,2,8.0,1,2.0,162.0
598014,10,5,2013-04-11 00:00:00,6,26,5,2,2,7.0,1,10.0,254.0
598015,6,11,2013-04-12 00:00:00,6,3,6,2,2,3.0,1,11.0,136.0
598016,7,10,2013-04-13 00:00:00,6,4,7,2,1,41.0,1,7.0,57.0
598017,3,2,2013-04-13 00:00:00,6,8,3,1,2,4.0,1,3.0,35.0
598018,1,11,2013-04-14 00:00:00,6,5,1,2,1,48.0,1,1.0,40.0
598019,5,4,2013-04-14 00:00:00,6,6,5,1,2,6.0,1,5.0,310.0
598020,3,10,2013-04-15 00:00:00,6,8,10,2,1,24.0,1,10.0,306.0
598021,4,1,2013-04-16 00:00:00,6,2,1,1,1,4.0,1,4.0,120.0
598022,2,6,2013-04-16 00:00:00,6,1,2,1,4,,3,2.0,8.0
598023,10,11,2013-04-17 00:00:00,6,26,10,1,1,11.0,1,11.0,136.0
598024,5,7,2013-04-17 00:00:00,6,6,5,2,1,87.0,1,5.0,85.0
598025,6,3,2013-04-18 00:00:00,6,3,3,2,1,86.0,1,3.0,19.0
598026,11,4,2013-04-19 00:00:00,6,7,4,2,2,5.0,1,11.0,340.0
598027,1,3,2013-04-20 00:00:00,6,5,1,2,2,4.0,1,3.0,35.0
598028,2,5,2013-04-20 00:00:00,6,1,2,1,2,7.0,1,2.0,81.0
598029,6,7,2013-04-21 00:00:00,6,3,7,2,2,9.0,1,6.0,41.0
598030,4,10,2013-04-21 00:00:00,6,2,4,1,2,7.0,1,4.0,320.0
598031,3,5,2013-04-22 00:00:00,6,8,5,2,2,5.0,1,3.0,19.0
598032,2,10,2013-04-23 00:00:00,6,1,10,1,1,130.0,1,2.0,162.0
598033,4,6,2013-05-16 00:00:00,6,22,6,1,1,7.0,1,4.0,320.0
598034,1,7,2013-04-24 00:00:00,6,5,1,2,2,5.0,1,7.0,147.0
598035,3,11,2013-04-25 00:00:00,6,8,11,2,2,5.0,1,3.0,20.0
598036,1,4,2013-04-26 00:00:00,6,5,4,2,2,6.0,1,1.0,9.0
598037,5,11,2013-04-27 00:00:00,6,6,11,2,2,8.0,1,5.0,310.0
598038,7,2,2013-04-27 00:00:00,6,4,7,2,1,58.0,1,7.0,147.0
598039,3,1,2013-04-28 00:00:00,6,8,1,1,1,14.0,1,3.0,19.0
598040,6,10,2013-04-28 00:00:00,6,27,10,1,1,15.0,1,6.0,187.0
598041,5,2,2013-04-29 00:00:00,6,6,5,1,2,4.0,1,5.0,351.0
598042,7,4,2013-04-29 00:00:00,6,4,7,2,1,4.0,1,7.0,57.0
598043,10,3,2013-04-30 00:00:00,6,26,3,2,1,37.0,1,3.0,20.0
598044,11,7,2013-05-01 00:00:00,6,7,7,2,2,7.0,1,11.0,84.0
598045,6,1,2013-05-01 00:00:00,6,27,1,2,2,7.0,1,6.0,187.0
598046,3,4,2013-05-02 00:00:00,6,8,3,2,1,15.0,1,3.0,21.0
598047,10,2,2013-05-02 00:00:00,6,26,2,2,1,17.0,1,2.0,110.0
598048,1,5,2013-05-03 00:00:00,6,5,5,2,2,8.0,1,1.0,31.0
598049,11,6,2013-05-04 00:00:00,6,7,6,2,2,6.0,1,11.0,362.0
598050,2,4,2013-05-14 00:00:00,6,1,4,1,2,7.0,1,4.0,53.0
598051,7,3,2013-05-05 00:00:00,6,4,7,2,1,60.0,1,7.0,357.0
598052,5,10,2013-05-05 00:00:00,6,6,10,2,2,5.0,1,5.0,85.0
598053,2,11,2013-04-09 00:00:00,6,1,11,2,2,7.0,1,2.0,8.0
598054,5,6,2013-05-07 00:00:00,6,6,6,2,2,9.0,1,5.0,85.0
598055,7,1,2013-05-07 00:00:00,6,4,7,2,1,65.0,1,7.0,133.0
598056,11,3,2013-05-08 00:00:00,6,7,11,1,1,77.0,1,3.0,21.0
598057,4,5,2013-05-09 00:00:00,6,2,5,1,2,8.0,1,5.0,309.0
598058,10,1,2013-05-09 00:00:00,6,26,1,2,1,46.0,1,1.0,40.0
598059,6,2,2013-05-10 00:00:00,6,3,6,1,1,4.0,1,2.0,346.0
598060,10,7,2013-05-11 00:00:00,6,26,10,2,2,5.0,1,7.0,357.0
598061,4,11,2013-05-11 00:00:00,6,2,4,1,1,30.0,1,11.0,17.0
598062,1,2,2013-05-12 00:00:00,6,28,1,1,2,5.0,1,1.0,9.0
598063,5,3,2013-05-12 00:00:00,6,6,5,1,2,5.0,1,5.0,32.0
598064,6,4,2013-04-23 00:00:00,6,3,4,1,2,5.0,1,4.0,256.0
598065,7,11,2013-05-13 00:00:00,6,4,11,2,2,7.0,1,7.0,221.0
598066,1,10,2013-05-15 00:00:00,6,28,1,1,1,7.0,1,10.0,96.0
598067,3,6,2013-05-14 00:00:00,6,8,3,2,1,33.0,1,3.0,20.0
598068,7,5,2013-05-15 00:00:00,6,4,5,1,1,14.0,1,7.0,207.0
598069,4,2,2013-05-06 00:00:00,6,2,4,1,2,6.0,1,4.0,320.0
598070,11,5,2013-05-17 00:00:00,6,7,11,2,1,23.0,1,11.0,136.0
598071,4,7,2013-05-18 00:00:00,6,22,7,1,1,50.0,1,4.0,321.0
598072,10,6,2013-05-19 00:00:00,6,26,10,2,1,38.0,1,10.0,358.0
598073,2,3,2013-05-18 00:00:00,6,1,3,1,1,24.0,1,2.0,8.0
598074,11,1,2013-05-19 00:00:00,6,7,1,2,2,5.0,1,11.0,17.0
598075,3,7,2013-05-21 00:00:00,6,3,3,2,1,48.0,1,3.0,19.0
598076,5,11,2013-05-22 00:00:00,6,3,11,2,2,4.0,1,5.0,104.0
598077,7,5,2013-05-24 00:00:00,6,5,5,2,2,4.0,1,7.0,50.0
598078,3,7,2013-05-26 00:00:00,6,5,7,2,1,23.0,1,7.0,221.0
729284,7,1,2014-04-16 00:00:00,7,29,1,2,1,41.0,1,1.0,9.0
729286,6,2,2014-04-17 00:00:00,7,30,2,1,2,8.0,1,2.0,382.0
729288,3,4,2014-04-18 00:00:00,7,29,3,2,2,6.0,1,4.0,305.0
729290,11,5,2014-04-18 00:00:00,7,29,5,1,2,4.0,1,5.0,85.0
729292,2,7,2014-04-19 00:00:00,7,31,2,1,2,7.0,1,2.0,17.0
729294,1,6,2014-04-19 00:00:00,7,31,1,2,2,4.0,1,6.0,154.0
729296,5,4,2014-04-20 00:00:00,7,30,4,1,2,7.0,1,4.0,305.0
729298,3,6,2014-04-21 00:00:00,7,29,3,2,1,93.0,1,3.0,21.0
729300,4,11,2014-04-22 00:00:00,7,30,11,1,1,72.0,1,4.0,305.0
729302,5,3,2014-04-23 00:00:00,7,31,5,1,1,7.0,1,3.0,35.0
729304,2,1,2014-04-24 00:00:00,7,30,2,1,1,2.0,1,1.0,336.0
729306,11,6,2014-04-25 00:00:00,7,31,11,2,1,4.0,1,11.0,254.0
729308,3,7,2014-04-25 00:00:00,7,31,7,2,2,7.0,1,3.0,364.0
729310,5,2,2014-04-26 00:00:00,7,29,5,1,2,6.0,1,5.0,370.0
729312,1,4,2014-04-26 00:00:00,7,29,1,1,1,23.0,1,4.0,367.0
729314,6,7,2014-04-27 00:00:00,7,30,7,2,2,6.0,1,6.0,185.0
729316,11,3,2014-04-27 00:00:00,7,30,11,2,2,5.0,1,3.0,147.0
729318,4,2,2014-04-28 00:00:00,7,31,4,1,2,5.0,1,4.0,367.0
729320,1,5,2014-04-29 00:00:00,7,29,5,2,4,,3,5.0,310.0
729322,7,11,2014-04-30 00:00:00,7,31,7,1,1,15.0,1,11.0,299.0
733976,3,1,2014-05-02 00:00:00,7,28,3,2,1,34.0,1,3.0,35.0
733978,7,4,2014-05-03 00:00:00,7,4,4,2,2,5.0,1,7.0,372.0
733980,6,5,2014-05-03 00:00:00,7,3,5,1,2,7.0,1,5.0,339.0
733982,2,11,2014-05-04 00:00:00,7,1,2,1,2,4.0,1,2.0,110.0
733984,5,1,2014-05-05 00:00:00,7,19,1,1,1,10.0,1,5.0,370.0
733986,6,3,2014-05-05 00:00:00,7,3,3,1,2,8.0,1,3.0,147.0
733988,7,2,2014-05-06 00:00:00,7,4,2,1,1,19.0,1,7.0,57.0
733990,6,1,2014-05-07 00:00:00,7,3,6,2,2,8.0,1,1.0,40.0
733992,4,3,2014-05-07 00:00:00,7,20,3,1,1,44.0,1,4.0,305.0
733994,5,11,2014-05-08 00:00:00,7,19,5,1,1,32.0,1,11.0,299.0
733996,2,4,2014-05-09 00:00:00,7,1,2,1,1,32.0,1,4.0,367.0
733998,6,11,2014-05-10 00:00:00,7,3,11,1,2,8.0,1,11.0,94.0
734000,7,3,2014-05-10 00:00:00,7,4,3,1,2,4.0,1,3.0,147.0
734002,4,1,2014-05-11 00:00:00,7,20,1,1,2,9.0,1,1.0,40.0
734004,2,5,2014-05-11 00:00:00,7,1,2,2,2,5.0,1,5.0,310.0
734006,11,7,2014-05-12 00:00:00,7,7,11,2,2,7.0,1,7.0,208.0
734008,3,5,2014-05-13 00:00:00,7,28,5,2,2,5.0,1,3.0,35.0
734010,2,6,2014-05-13 00:00:00,7,1,6,1,1,16.0,1,2.0,27.0
734012,11,4,2014-05-14 00:00:00,7,7,4,1,2,6.0,1,4.0,62.0
734014,1,7,2014-05-14 00:00:00,7,20,1,1,2,6.0,1,1.0,46.0
734016,5,6,2014-05-15 00:00:00,7,19,6,1,1,62.0,1,5.0,85.0
734018,3,2,2014-05-18 00:00:00,7,28,3,2,2,5.0,1,2.0,110.0
734020,11,1,2014-05-18 00:00:00,7,7,11,2,2,7.0,1,1.0,232.0
734022,5,7,2014-05-19 00:00:00,7,19,7,2,1,25.0,1,7.0,19.0
734024,6,4,2014-05-19 00:00:00,7,3,4,1,2,4.0,1,4.0,374.0
734026,11,2,2014-05-20 00:00:00,7,7,2,2,2,7.0,1,11.0,187.0
734028,1,3,2014-05-20 00:00:00,7,5,1,1,2,8.0,1,1.0,46.0
734030,4,7,2014-05-21 00:00:00,7,2,7,1,2,7.0,1,7.0,383.0
734032,1,2,2014-05-22 00:00:00,7,5,2,1,1,30.0,1,1.0,46.0
734034,3,11,2014-05-22 00:00:00,7,28,11,1,2,6.0,1,11.0,187.0
734036,7,6,2014-05-23 00:00:00,7,4,6,1,1,15.0,1,7.0,19.0
734038,4,5,2014-05-23 00:00:00,7,2,5,1,1,16.0,1,4.0,100.0
734040,2,3,2014-05-24 00:00:00,7,1,3,1,2,8.0,1,3.0,20.0
734042,1,11,2014-05-24 00:00:00,7,5,1,1,2,4.0,1,1.0,31.0
734044,4,6,2014-05-25 00:00:00,7,2,4,1,2,7.0,1,4.0,345.0
734046,7,5,2014-05-25 00:00:00,7,4,7,1,2,5.0,1,7.0,372.0
734048,4,1,2014-05-27 00:00:00,7,5,4,1,1,28.0,1,1.0,232.0
734050,3,7,2014-05-28 00:00:00,7,18,3,1,2,7.0,1,3.0,21.0
734052,3,4,2014-05-30 00:00:00,7,4,3,1,1,24.0,1,4.0,41.0
734054,1,4,2014-06-01 00:00:00,7,1,1,1,2,3.0,1,1.0,96.0
829710,1,7,2015-04-08 00:00:00,8,5,1,1,2,7.0,1,1.0,190.0
829712,3,6,2015-04-09 00:00:00,8,8,6,1,1,1.0,1,3.0,73.0
829714,4,5,2015-04-10 00:00:00,8,32,4,1,1,26.0,1,5.0,310.0
829716,3,11,2015-04-11 00:00:00,8,8,3,2,1,45.0,1,3.0,2.0
829718,1,2,2015-04-11 00:00:00,8,5,2,1,2,3.0,1,2.0,162.0
829720,6,5,2015-04-12 00:00:00,8,3,5,1,2,3.0,1,5.0,394.0
829722,7,4,2015-04-12 00:00:00,8,4,7,1,1,18.0,1,4.0,197.0
829724,2,11,2015-04-13 00:00:00,8,1,11,1,2,8.0,1,11.0,187.0
829726,5,7,2015-04-14 00:00:00,8,19,7,2,2,7.0,1,5.0,306.0
829728,1,3,2015-04-30 00:00:00,8,5,1,1,2,7.0,1,1.0,334.0
829730,4,6,2015-04-15 00:00:00,8,32,4,2,2,5.0,1,6.0,260.0
829732,11,5,2015-04-16 00:00:00,8,25,5,1,2,6.0,1,5.0,85.0
829734,7,3,2015-04-17 00:00:00,8,4,7,2,2,6.0,1,3.0,73.0
829736,11,6,2015-04-18 00:00:00,8,25,6,2,1,4.0,1,6.0,154.0
829738,4,1,2015-04-18 00:00:00,8,32,1,1,2,4.0,1,1.0,334.0
829740,5,3,2015-04-19 00:00:00,8,19,3,2,2,8.0,1,5.0,85.0
829742,2,7,2015-04-19 00:00:00,8,1,2,1,1,18.0,1,7.0,50.0
829744,6,1,2015-04-20 00:00:00,8,3,1,1,2,6.0,1,1.0,232.0
829746,5,4,2015-04-21 00:00:00,8,19,4,1,4,,3,4.0,100.0
829748,11,1,2015-04-22 00:00:00,8,25,1,1,1,16.0,1,11.0,187.0
829750,2,3,2015-04-22 00:00:00,8,1,2,1,1,27.0,1,3.0,21.0
829752,6,7,2015-04-23 00:00:00,8,3,7,1,1,37.0,1,6.0,393.0
829754,5,2,2015-04-24 00:00:00,8,19,2,1,2,9.0,1,2.0,378.0
829756,7,11,2015-04-25 00:00:00,8,4,7,2,1,20.0,1,7.0,194.0
829758,3,4,2015-04-25 00:00:00,8,8,3,2,1,97.0,1,3.0,2.0
829762,6,2,2015-04-26 00:00:00,8,3,2,1,2,10.0,1,2.0,296.0
829764,4,11,2015-04-27 00:00:00,8,2,4,1,1,20.0,1,11.0,458.0
829766,1,6,2015-05-07 00:00:00,8,5,1,2,1,13.0,1,1.0,67.0
829768,2,5,2015-04-29 00:00:00,8,1,5,1,3,,2,,
829770,3,1,2015-04-28 00:00:00,8,8,1,1,1,2.0,1,3.0,71.0
829772,6,4,2015-05-01 00:00:00,8,3,6,1,2,9.0,1,6.0,371.0
829774,7,5,2015-05-01 00:00:00,8,4,5,1,1,8.0,1,7.0,208.0
829776,2,1,2015-05-02 00:00:00,8,1,2,1,2,7.0,1,2.0,236.0
829778,11,3,2015-05-02 00:00:00,8,7,3,1,1,22.0,1,11.0,187.0
829780,4,7,2015-05-03 00:00:00,8,2,7,2,1,23.0,1,7.0,383.0
829782,5,6,2015-05-03 00:00:00,8,18,6,1,1,14.0,1,5.0,85.0
829784,3,2,2015-05-04 00:00:00,8,8,3,2,1,24.0,1,3.0,21.0
829786,1,11,2015-05-04 00:00:00,8,5,11,1,1,35.0,1,1.0,232.0
829788,7,6,2015-05-05 00:00:00,8,4,6,2,2,5.0,1,7.0,50.0
829790,2,4,2015-05-06 00:00:00,8,1,4,1,1,138.0,1,2.0,162.0
829792,5,11,2015-05-07 00:00:00,8,18,5,1,1,7.0,1,11.0,216.0
829794,3,7,2015-05-08 00:00:00,8,8,3,2,2,6.0,1,7.0,400.0
829796,1,4,2015-05-09 00:00:00,8,5,4,2,2,1.0,1,1.0,334.0
829798,6,11,2015-05-09 00:00:00,8,27,11,2,1,6.0,1,11.0,163.0
829800,7,2,2015-05-10 00:00:00,8,4,2,2,1,39.0,1,2.0,110.0
829802,3,5,2015-05-10 00:00:00,8,8,3,2,1,12.0,1,3.0,35.0
829804,11,4,2015-05-11 00:00:00,8,7,11,2,1,5.0,1,11.0,187.0
829806,6,3,2015-05-12 00:00:00,8,27,3,2,2,6.0,1,6.0,15.0
829808,4,2,2015-05-13 00:00:00,8,2,2,1,1,22.0,1,4.0,374.0
829810,7,1,2015-05-14 00:00:00,8,4,1,1,1,5.0,1,7.0,400.0
829812,11,2,2015-05-15 00:00:00,8,7,11,2,2,6.0,1,2.0,8.0
829814,4,3,2015-05-16 00:00:00,8,2,4,2,2,7.0,1,3.0,322.0
829816,5,1,2015-05-16 00:00:00,8,18,5,2,1,9.0,1,5.0,32.0
829818,2,6,2015-05-17 00:00:00,8,1,2,1,3,,2,,
829820,11,7,2015-05-17 00:00:00,8,7,11,2,2,9.0,1,7.0,403.0
829822,3,7,2015-05-19 00:00:00,8,4,7,2,1,25.0,1,7.0,221.0
829824,2,5,2015-05-20 00:00:00,8,32,2,2,1,71.0,1,2.0,110.0
829826,3,2,2015-05-22 00:00:00,8,28,3,1,2,3.0,1,3.0,73.0
829828,7,3,2015-05-24 00:00:00,8,5,3,1,1,41.0,1,7.0,57.0
980906,7,12,2016-04-09 00:00:00,9,4,7,2,2,9.0,1,12.0,85.0
980908,1,6,2016-04-10 00:00:00,9,5,1,1,2,9.0,1,1.0,334.0
980910,4,13,2016-04-11 00:00:00,9,33,13,1,2,5.0,1,13.0,254.0
980912,2,11,2016-04-12 00:00:00,9,1,11,1,1,45.0,1,2.0,110.0
980914,1,7,2016-04-13 00:00:00,9,5,7,1,2,6.0,1,7.0,57.0
980916,13,12,2016-04-14 00:00:00,9,34,12,2,2,7.0,1,13.0,254.0
980918,6,4,2016-04-15 00:00:00,9,3,6,1,2,8.0,1,6.0,136.0
980920,11,1,2016-04-16 00:00:00,9,7,11,2,2,8.0,1,1.0,40.0
980922,7,13,2016-04-16 00:00:00,9,4,13,1,2,3.0,1,13.0,254.0
980924,4,12,2016-04-17 00:00:00,9,33,12,2,2,6.0,1,4.0,345.0
980926,2,6,2016-04-17 00:00:00,9,1,6,1,2,7.0,1,6.0,355.0
980928,11,7,2016-04-18 00:00:00,9,7,11,1,2,7.0,1,11.0,187.0
980930,4,1,2016-04-19 00:00:00,9,33,1,1,2,6.0,1,1.0,46.0
980932,7,2,2016-04-20 00:00:00,9,4,7,1,2,6.0,1,7.0,57.0
980934,13,11,2016-04-21 00:00:00,9,34,11,1,2,10.0,1,11.0,299.0
980936,12,2,2016-04-22 00:00:00,9,32,12,1,1,13.0,1,2.0,110.0
980938,6,7,2016-04-23 00:00:00,9,3,7,1,1,10.0,1,6.0,351.0
980940,11,4,2016-04-23 00:00:00,9,7,11,1,2,5.0,1,11.0,460.0
980942,13,2,2016-04-24 00:00:00,9,34,2,2,2,6.0,1,13.0,8.0
980944,12,1,2016-04-24 00:00:00,9,32,1,1,2,2.0,1,1.0,308.0
980946,4,7,2016-04-25 00:00:00,9,33,4,1,1,25.0,1,7.0,17.0
980948,11,12,2016-04-26 00:00:00,9,7,12,1,1,34.0,1,12.0,106.0
980950,6,13,2016-04-27 00:00:00,9,3,6,1,1,1.0,1,13.0,350.0
980952,7,1,2016-04-28 00:00:00,9,4,7,1,2,6.0,1,7.0,57.0
980954,12,13,2016-04-29 00:00:00,9,32,13,1,2,3.0,1,13.0,147.0
980956,6,1,2016-04-30 00:00:00,9,3,1,1,1,27.0,1,6.0,408.0
980958,11,2,2016-04-30 00:00:00,9,7,2,1,1,15.0,1,11.0,187.0
980960,13,4,2016-05-01 00:00:00,9,34,13,1,1,23.0,1,4.0,374.0
980962,12,7,2016-05-01 00:00:00,9,32,7,1,2,8.0,1,7.0,57.0
980964,2,1,2016-05-02 00:00:00,9,1,1,1,2,5.0,1,1.0,334.0
980966,13,6,2016-05-03 00:00:00,9,34,6,1,2,8.0,1,6.0,420.0
980968,1,4,2016-05-04 00:00:00,9,5,4,1,1,7.0,1,1.0,334.0
980970,6,12,2016-05-05 00:00:00,9,3,12,1,2,7.0,1,12.0,85.0
980972,11,13,2016-05-06 00:00:00,9,7,11,1,2,5.0,1,11.0,299.0
980974,2,12,2016-05-07 00:00:00,9,1,2,1,2,7.0,1,2.0,8.0
980976,4,6,2016-05-07 00:00:00,9,33,6,1,1,9.0,1,4.0,409.0
980978,7,11,2016-05-08 00:00:00,9,25,7,1,1,85.0,1,11.0,73.0
980980,1,13,2016-05-08 00:00:00,9,5,13,1,2,5.0,1,13.0,14.0
980982,4,2,2016-05-09 00:00:00,9,33,4,1,1,1.0,1,2.0,32.0
980984,12,11,2016-05-10 00:00:00,9,25,11,2,1,4.0,1,11.0,430.0
980986,2,7,2016-05-11 00:00:00,9,1,7,1,2,6.0,1,7.0,413.0
980988,11,6,2016-05-12 00:00:00,9,7,6,1,2,7.0,1,6.0,350.0
980990,7,4,2016-05-13 00:00:00,9,25,7,2,2,7.0,1,4.0,409.0
980992,2,13,2016-05-14 00:00:00,9,1,13,1,1,144.0,1,2.0,110.0
980994,1,12,2016-05-14 00:00:00,9,5,12,2,2,8.0,1,1.0,31.0
980996,4,11,2016-05-15 00:00:00,9,33,4,2,2,7.0,1,11.0,427.0
980998,7,6,2016-05-15 00:00:00,9,25,6,1,1,80.0,1,7.0,413.0
981000,1,2,2016-05-16 00:00:00,9,5,2,1,2,9.0,1,2.0,8.0
981002,12,6,2016-05-17 00:00:00,9,25,12,1,1,19.0,1,12.0,106.0
981004,2,4,2016-05-18 00:00:00,9,1,4,1,1,82.0,1,2.0,8.0
981006,13,1,2016-05-19 00:00:00,9,35,13,1,2,6.0,1,13.0,147.0
981008,6,11,2016-05-20 00:00:00,9,27,6,1,2,6.0,1,6.0,339.0
981010,12,4,2016-05-21 00:00:00,9,25,4,2,2,4.0,1,12.0,20.0
981012,13,7,2016-05-21 00:00:00,9,35,13,1,2,6.0,1,13.0,21.0
981014,1,11,2016-05-22 00:00:00,9,5,11,1,1,22.0,1,1.0,31.0
981016,6,2,2016-05-22 00:00:00,9,27,2,1,2,6.0,1,2.0,8.0
981018,13,2,2016-05-24 00:00:00,9,1,2,1,2,4.0,1,2.0,110.0
981020,11,1,2016-05-25 00:00:00,9,3,1,1,1,22.0,1,11.0,163.0
981022,13,11,2016-05-27 00:00:00,9,3,11,1,2,4.0,1,11.0,187.0
981024,2,11,2016-05-29 00:00:00,9,1,11,2,1,8.0,1,11.0,385.0
